,label,area,centroid-0,centroid-1,axis_major_length,axis_minor_length,orientation,perimeter,intensity_mean
0,9,108.0,137.59259259259258,2020.0833333333333,13.803578568503527,10.141132235131357,-0.5841979570583273,38.87005768508881,174.5462962962963
1,66,116.0,2279.939655172414,482.4051724137931,14.997379861122178,10.088260936166803,0.1428780551258714,42.2842712474619,159.9051724137931
2,70,221.0,2309.0135746606334,463.7330316742081,22.47464907155013,13.278440538070681,-0.4602203285783333,66.42640687119285,161.40271493212668
3,71,209.0,2326.086124401914,460.1244019138756,21.135947704648675,14.894402360918136,-0.2060284843588018,67.59797974644667,159.19138755980862
4,170,76.0,3453.815789473684,4142.578947368421,11.301862860384247,8.958616832561667,0.12138551811831245,33.21320343559643,177.97368421052633
5,211,671.0,4559.096870342772,3030.1847988077498,49.855146198755286,18.778583765670806,-0.7658309738165452,141.33809511662426,177.98956780923993
6,371,141.0,4515.602836879432,2898.241134751773,18.240503409116243,10.52117538126542,1.459217248123762,55.01219330881976,180.46808510638297
7,380,83.0,4533.626506024097,3069.6626506024095,12.965188336438107,8.714782790489043,-0.4060494471279542,36.87005768508881,179.3012048192771
8,383,115.0,4540.173913043478,2890.9826086956523,14.054557476855564,10.993980143012896,0.15557533396716045,42.8700576850888,175.5304347826087
