,label,area,centroid-0,centroid-1,axis_major_length,axis_minor_length,orientation,perimeter,intensity_mean
0,65,460.0,3731.0913043478263,3805.269565217391,31.62343253829605,24.330725911499773,1.3182233362851075,121.19595949289332,183.79347826086956
1,96,158.0,3743.3417721518986,3773.259493670886,19.459923338078795,11.034376558496295,0.07436646365544382,54.526911934581186,178.22784810126583
